class_id,class_name,map50_95
0,cctv_camera,0.5807210031347962
1,desktop_pc,0.4618416255949656
2,router,0.7116055824726935
3,smart_board,0.2215214285714286
