class_id,class_name,map50_95
0,cctv_camera,0.7295328897688885
1,desktop_pc,0.2938306248835676
2,router,0.667409540405919
3,smart_board,0.6789506984094176
