class_id,class_name,map50_95
0,cctv_camera,0.7040513394129502
1,desktop_pc,0.2375710590966403
2,router,0.7061840280888423
3,smart_board,0.7739683789500792
